{
    "epochs": [
        0,
        1,
        2,
        3
    ],
    "lr": [
        0.0005,
        0.001,
        0.0008535533905932737,
        0.0005
    ],
    "train_time": [
        934.8369905948639,
        914.8201901912689,
        915.2453653812408,
        917.7108209133148
    ],
    "val_time": [
        134.23667287826538,
        133.60631155967712,
        133.50006532669067,
        133.30301880836487
    ],
    "train_loss": [
        0.37866709369748225,
        0.36871644092143346,
        0.361432856556548,
        0.3542432449057793
    ],
    "val_loss": [
        0.3602724759091714,
        0.36485165334054953,
        0.36374510588561665,
        0.350005392992811
    ],
    "train_acc": [
        0.8289900838727748,
        0.8346663761981825,
        0.8382696766463339,
        0.8418695731669363
    ],
    "val_acc": [
        0.8393309370149498,
        0.8385769817280724,
        0.8389582141981864,
        0.8433321760204776
    ],
    "best_val": 0.8433321760204776,
    "best_epoch": 3
}